company_name,address,phone_number,email
Colin Thomson T/A Signature Carpentry and Joinery,"66 Firbank Grove, East Calder, Livingston, West Lothian, EH53 0DY",07540498106,colin3321@outlook.com
Edinburgh Quality Builders Ltd t/a EQB Roofing,"151 Whitson Road, Edinburgh, Scotland, EH11 3BP",07547925974,mail@edinburghqualitybuilders.co.uk
SIMPLY FIX IT (SB) LTD,"22 Raeburn Place, Edinburgh, Midlothian, EH4 1HN",0131 549 8820,stockbridge@simplyfixit.co.uk
Christian Waugh T/A Edinburgh Power Systems,"5 Mitchell Street, Edinburgh, Scotland, EH6 7BD",07429275137,edinburghpowersystems@yahoo.com
Paul D Shapero,"2 Lauriston Terrace, Edinburgh, Scotland, EH3 9EH",07932 493007,p_shapero@yahoo.co.uk
Steve Brewer T/A S K Brewer Decorating,"Buchanan Crescent, Livingston, West Lothian, EH54 7EF",07738902907,stevenb19@hotmail.co.uk
B & Q Homefit Dunfermline,"Carnegie Drive Retail Park, Dunfermline, KY12 7AU",01383 621058,
P Blackhall Ltd t/a Blackhall Plumbing Heating & Electrical,"5 New Lairdship Yards, Edinburgh, Midlothian, EH11 3UY",01314442200,info@blackhallplumbing.co.uk
S R J Windows – An Ultra Installer,"Macintosh House, Innova Campus, Rosyth, Dunfermeline, KY11 2UU",,ultrainstaller@ultraframe.co.uk
JBC,"10A Newhouses Road, Edinburgh, West Lothian, EH52 5NZ",0131 229 1100,enquiries@j-b-c.co.uk
Ewan Mc Lean Ltd T/A MPH Home,"Unit 18, Dunnikier Business Park, Midfield Drive, Kirkcaldy, Scotland, KY1 3LW",01592655391,info@mphboilers.org.uk
Campbell Smith T/A Smith Joinery,"43 Turnberry Drive, Kirkcaldy, Fife, KY2 6SU",07581068046,smithjoinery49@yahoo.com
MB Electrics (Scotland) Limited,"22 Leven Avenue, Bishopbriggs, Glasgow, Lanarkshire, G64 1HF",07860678922,mbelectrics@btconnect.com
I Hodgson & Co,"8 Fernielaw Avenue, Edinburgh, Midlothian, EH13 0EE",0131 441 6524,hodgson.ian@btinternet.com
David Stewart t/a KS Property Maintenance Services,"12 Lime Grove, Edinburgh, Scotland, EH39 5NH",07545 536199,info@kspropertymaintenance.co.uk
Fallcan Ltd,"Block 3 Unit N, Parkway Point Business Park, Glasgow, Lanarkshire, G69 6GA",01414048399,mail@fallcan.com
Patrick Murphy T/A Roof Fix Services,"3 North Greens, Edinburgh, Scotland, EH15 3RT",07545993238,rooffixservices@gmail.com
Finishes By Kenny Morrison,"41 Doctor Gracie Drive, Prestonpans, Edinburgh, Scotland, EH32 9GQ",07946358216,finishes47@gmail.com
N & D Property Maintenance,"4 Somnerfield Court, Haddington, East Lothian, EH41 3RT",07967 646004,nickydannaher@googlemail.com
R Tinning & Son Joiners & Builders,"Unit 12, Woodilee Industrial Estate, Kirkintilloch, Glasgow, Lanarkshire, G66 3UU",0141 775 0820,info@rtinningandson.co.uk
Lionel Wilson t/a Edinburgh Lock Centre,"78 Ratcliffe Terrace, Edinburgh, Scotland, EH9 1ST",07552 215832,info@edinburghlockcentre.com
Callum Moor t/a Callum Moor Stove Installations,"Millburn House, Skirling Mill, Skirling, Lanarkshire, ML12 6HB",07973711923,callummoor@btinternet.com
Purdie Worldwide Removals & Storage Limited t/a Matt Purdie & Sons,"48-54 East Main Street, Blackburn, Bathgate, West Lothian, EH47 7QS",01506 652792,neilpurdie@mattpurdie.co.uk
SIMPLY FIX IT (BS) LTD,"11 Bath Street, Glasgow, Scotland, G2 1HY",0141 237 8797,bath.street@simplyfixit.co.uk
A for Audi and B for BMW and P for Porsche,"Unit 8 Andrew Court, Clyde Street, Clydebank, Dunbartonshire, G81 1PF",0141 952 4499,info@a4audi.co.uk
David Osborne T/A Celsius Plumbing & Heating,"38 Harling Drive, Troon, Ayrshire, KA10 6NG",01292 318194,celsius4u@hotmail.com
Kitchen Interiors by Kevin Fleming,"63 Main Street, Croftamie, Drymen, Glasgow, Lanarkshire, G63 0EU",01360 661456,kevin@mykitcheninteriors.com
Jaymax Joinery Ltd,"Holyrood Business Park, 146 Duddingston Road West, Edinburgh, Scotland, EH16 4AP",01316569660,holly@jaymaxjoinery.co.uk
Durashield Windows,"62B Rannoch Drive, Bearsden, Glasgow, Lanarkshire, G61 2HH",0141 942 0033,johnejohnstone@durashield-windows.co.uk
J & S Autos (Glasgow) Ltd,"J & S Autos, Unit 3, 219 Govan Road, GLASGOW, LANARKSHIRE, G51 1HJ",01414270502,jandsautos@tiscali.co.uk
J D P S Plumbers Ltd,"36 Peel Road, Thortonhall, Glasgow, Lanarkshire, G74 5AG",01505327462,jdpsalltrades@gmail.com
M I B Services,"School House, Cotgreen Road, Tweedbank, Galashiels, Scottish Borders, TD1 3SG",01896 209248,brianmoore@talk21.com
Southside Window Systems Limited,"55 Wiltonburn Road, Glasgow, Lanarkshire, G53 7JF",01418819911,info@southsidewindows.co.uk
G R Landscapes,"Milngavie Enterprise Centre Ellangowan Court Milngavie, Glasgow, East Dunbartonshire, G62 8PH",07939 606149,enquiries@grlandscapes.org
Window Advice Centre Limited,"14 Sandyford Place, Glasgow, Lanarkshire, G3 7NB",0141 332 7878,lizhislop@windowadvicecentre.co.uk
J McCartney (Plumbing & Heating) Limited,"9/1 501 Stobcross Street, Glasgow, Scotland, G3 8GL",01416391555,info@jmccartneyplumbers.co.uk
T W & S Barker,"16 Railway Street, Newcastle Upon Tyne, Tyne & Wear, NE4 7AD",01912329532,enquiries@barker-renault.co.uk
M E Electrical (North East) Ltd,"33 Cameronian Square, Worsdell Drive, Gateshead, Tyne & Wear, NE8 2DB",07971287049,meelecltd@gmail.com
P&L Electrical Ltd,"54 Ashley Close, Killingworth, Newcastle Upon Tyne, Tyne & Wear, NE12 6GD",0790 416 5805,pandlelectrical@hotmail.co.uk
The Leak Team,"Unit 20a Brunswick Industrial Estate, Brunswick, Newcastle Upon Tyne, NE13 7BA",0330 102 5572,andrew@theleakteam.com
Steven Purvis T/A S J Purvis Fencing Contractors,"13 Chatton Wynd, Newcastle Upon Tyne, Tyne & Wear, NE3 2ND",07715578656,steve.purvis@hotmail.co.uk
A To Z Electrical Services,"71 Linksfield Gardens, Aberdeen, Aberdeenshire, AB24 5PF",07888702888,azelectservices@gmail.com
Ceiba Renewables Ltd,"AFM House, 6 Crofthead Road, Prestwick, Ayrshire, Scotland, KA9 1HW",07740348816,info@ceiba-renewables.co.uk
Lifestyle K B B Ltd,"83 Stephenson Road, High Heaton, Newcastle Upon Tyne, Tyne and Wear, NE7 7SA",07939116348,stephen@lifestylekbbltd.com
C Nicol Gas Services,"21 Mansfield Road, Prestwick, Glasgow, KA9 2DL",08002465914,info@cnicolgas.com
R F Henderson (Heating) Limited,"Unit 10 Easter Park, Baker Road, Nelson Park West, Cramlington, Northumberland, NE23 1WQ",01670 735 577,jenny@rfhenderson.co.uk
Radbury Double Glazing Ltd,"West Sanquhar Road, Ayr, Ayrshire, KA8 9HP",01292 287994,lesley@radburydoubleglazing.co.uk
John McCulloch T/A Armour Home Improvements,"20 Biggart Road, Prestwick, South Ayrshire, KA9 2HF",01292 671560,jkmcom123@msn.com
N H Flooring (Yorkshire) Ltd,"Unit 6, Borough Court, Borough Road, Richmond, North Yorkshire, DL10 4SX",01748 822834,nick@nhflooring.co.uk
NWS North Ltd T/A National Window Systems,"32 Allington Way, Darlington, County Durham, DL14QB",0113 457 6009,matt.tesseyman@hwlwindows.co.uk
Cumberland Window Design Ltd,"Unit 5  Bridge End Industrial Estate, EGREMONT, CUMBRIA, CA22 2RD",07834787448,info@cumberlandwindows.co.uk
A Macari Electrical,"105 Broadway, Morecambe, Lancashire, LA4 5YA",01524 413382,macari4@btinternet.com
Cooper Electrical Contracting Ltd,"Unit 3, Milnthorpe Road, Carnforth, Lancashire, LA6 1PS",01524 782474,cooperelectrical@yahoo.co.uk
SouthLakes Windows Ltd,"North Barn, Low West End, Hornby Road, Lancaster, Lancashire, LA2 9JX",01524 771399,info@southlakeswindows.com
J Shipley & Co Heating Limited,"59 Dean Road, South Shields, Tyne & Wear, NE33 4AS",01914552138,office@shipley-heating.co.uk
Aynsley Windows & Conservatories LLP,"10 Coast Road, Wallsend, Tyne And Wear, NE28 9HP",01912 621283,info@aynsleywindows.net
A P Fitton Mobile Garage Service,"37 St Cuthberts Avenue, Catterick Garrison, North Yorkshire, DL9 4NT",07969300960,apfitton@googlemail.com
Justin Boultwood T/A JR Electrical Services,"6 Hardinge Road, Newton Aycliffe, County Durham, DL5 4JJ",07817629535,justin@jr-electrical.co.uk
DG Services (NE) Limited,"D G Services, 7 St Georges Road, North Shields, Tyne & Wear, NE30 3JX",0191 2510171,info@dgservices.co.uk
The Gas Trade Centre Ltd T/A Heat UK,"48-50 The Gas Trade Centre, South Shields, Tyne & Wear, NE33 4NA",01914562670,dean.smith@heat-uk.com
J Lee Plumbing & Heating Contractors,"Naze Cottage, Naze Lane, East Freckleton, Preston, Lancashire, PR4 1UN",07970738075,jleeplumbing@hotmail.co.uk
Stephen Darby T/A S & K Windows,"Standard Way Industrial Estate, 9 Barkers Court, Northallerton, North Yorkshire, DL6 2BF",01609775472,steve@sandkwindows.co.uk
J & L Autos,"Unit 3 Whalley Industrial Park, Clitheroe Road, Clitheroe, Lancashire, BB7 9AH",01254 822298,info@jandlautos.co.uk
Colin Parkinson T/A CJP Heating Tech,"49 Station Road, Accrington, Lancashire, BB5 6NG",07590667740,cjpheatingtech@gmail.com
J&L Bradley,"9 Cheapside, Knaresborough, North Yorkshire, HG5 8AX",07875 510953,jandlbradley@ntlbusiness.com
Lakes Garage Doors Ltd,"5 Leachfield Industrial Estate, Green Lane West Garstang, Preston, PR3 1PR",01995 262020,hayley@lakesdoors.co.uk
AB Jetting Ltd,"2 Church Close, Oakworth, KEIGHLEY, WEST YORKSHIRE, BD22 7PS",01274 947000,info@abjetting.com
J C Windows (UK) Ltd,"Weeton Manor, Church Road, Weeton, Preston, Lancashire, PR4 3WD",01253 836330,info@jcwindows.com
Vision PVC Ltd,"Unit 1D Carlton Miniott Business Park, Carlton Miniott, Thirsk, North Yorkshire, YO7 4NF",01845 527323,visionpvc@aol.com
S.G Joinery and Building,"18 Beech Road, Garstang, Preston, Lancashire, PR3 1FS",07985 932900,sgornail@hotmail.com
B Secure,"29 Fylde Road, Poulton-Le-Fylde, Lancashire, FY6 7JE",01253 895193,sj.halliwell58@gmail.com
Coral Windows Leeds,"Stephen Smith Garden Centre, Pool Road, Otley, Leeds, LS21 1DY",0800 669 955,sales@coralwindows.co.uk
Building & Preservation (Northern) Limited T/A Danford Brewer & Ives,"3 The Old Laundry, Fishergreen, RIPON, North Yorkshire, HG4 1NL",01765 804050,enquiries@dbi-ltd.com
Future Roofs York Ltd T/A Future Roofs,"Future Roofs, Meadow Croft Farm, York Road, Green Hammerton, Harrogate, YO26 8EZ",01904 777094,info@futureroof.co.uk
Shire Doors Limited - Head Office,"3-5 Wharf Street, Shipley, West Yorkshire, BD17 7DW",01274 888180,martin@shiredoors.com
Shire Doors Limited - York,"Shire Doors York, 65 East Parade, Heworth, York, Yorkshire, YO31 7YB",01274 888180,martin@shiredoors.com
Stephen Bray T/A Eldwick Autos,"Leonard Street, Bingley, Bradford, West Yorkshire, BD16 1DP",01274 561859,brstp6@aol.com
Andrews Home Appliances Ltd T/A Andrews Electrical,"52-54 Westgate, Shipley, Bradford, West Yorkshire, BD18 3QX",01274531739,info@andrewselectrical.co.uk
Max Glass,"Coney Park, Harrogate Road, Yeadon, Leeds, West Yorkshire, LS19 7XS",0113 250 9944,stephen@maxglasswindows.co.uk
T J R Plumbing & Tiling Solutions,"23 Coach Road, Baildon, Shipley, West Yorkshire, BD17 5JE",07971599511,tjrplumbingandtiling@live.co.uk
G Cain Roofing Services,"79 Wennington Road, Southport, Merseyside, PR9 7DZ",07779166643,garycain@hotmail.com
M D Joinery (Southport) Ltd,"3 Slaidburn Crescent, Southport, Merseyside, PR9 9YF",01704 229471,mike@mdjoinery.co.uk
Redline UPVC Limited,"Oak House, 317 Golden Hill Lane, Leyland, Lancashire, PR25 2YJ",07903937995,info@redlineupvc.co.uk
Nick Cahill T/A Nick Cahill Plumbing & Heating,"8 Corn Mill,, Ilkley,, Leeds, West Yorkshire, LS29 6BY",07780 788045,cahilltheplumber@aol.com
J P Electrical,"Unit C2 , Wyther Lane Industrial Estate , Kirkstall, Leeds, West Yorkshire, LS5 3AP",07835686959,j.p.electrical118@gmail.com
JB Heating Services,"20 Greenbank Street, Rossendale, Lancashire, BB4 7PD",01706 231 894,info@jbheating.co.uk
Auto Technics (NW) Ltd T/A Southport MOT Centre,"71A London Street, Southport, Merseyside, PR9 0TX",01704533324,sales@autotechnics.co.uk
J Holden Plumbing & Heating Limited,"729 Bacup Road, Rossendale, Lancashire, BB4 7EU",07753330561,jackryanholden@hotmail.co.uk
B J A Electrical Services Limited,"7 Hollin Park Drive, Calverley, Pudsey, West Yorkshire, LS28 5PN",07831495512,bob@bjaelectrical.co.uk
R & D Sheridan Ltd,"6 Bentley Mount, Leeds, West Yorkshire, LS6 4AU",01132783472,rsheridan1234@aol.com
G F P Home Heating Care Ltd t/a Home Heating Care,"68 LIMESTONE ROAD, BURNISTON, SCARBOROUGH, North Yorkshire, YO13 0DG",01723377587,enquiries.hhc@gmail.com
West Coast Glass Limited,"58 Eastbourne Road, Birkdale, Southport, Merseyside, PR8 4DT",01704566677,info@wcglass.co.uk
Frank Ryan & Sons Ltd,"3 Daisy Hill Grove, Bradford, West Yorkshire, BD9 6DR",01274499180,frank@fryan-roofing.co.uk
4 Seasons Design Limited,"149 Street Lane, Roundhay, Leeds, West Yorkshire, LS8 1AA",07960932777,donna@4seasons-design.co.uk
G Benson Design & Build,"53 Viking Road, York, North Yorkshire, YO26 5EY",07711062948,g-benson@hotmail.co.uk
Ecoframe Windows Doors & Conservatories Ltd,"3A Hillam Court, Hillam Road, Bradford, West Yorkshire, BD2 1QN",01274 725766,james@ecoframeltd.co.uk
B & K Passmore Ltd,"Partnership House, 6 Hales Road, Leeds, West Yorkshire, LS12 4PL",0113 201 5030,rsilvers@passmoregroup.co.uk
H H Payne & Son Ltd,"26-38  St Joseph's Street, Tadcaster, North Yorkshire, LS24 9HA",01937 833355,hhpaynes15@gmail.com
S Fearn Plumbing & Heating Ltd,"4 Hollin Park Terrace, Leeds, West Yorkshire, LS8 3HE",07791586147,stevenfearn@gmail.com
S Barker Electrical Limited,"5th Floor, 2 Wellington Place, Leeds, West Yorkshire, LS1 4AP",0113 436 0253,simon@sbarker.co.uk
Diamond Windows,"DIAMOND HOUSE, HENCONNER LANE, BRAMLEY, Leeds, West Yorkshire, LS13 4AD",0113 255 3377,diamondwindowsltd@hotmail.co.uk
Safe 'N' Secure (Windows & Doors) Ltd,"Unit 1 Armley Link Trading Estate, Armley Road, Leeds, West Yorkshire, LS12 2QN",08000937837,safe.n.securewindows@gmail.com
M & R Plumbing & Heating Ltd,"290 Chorley New Road, Horitch, Bolton, Greater Manchester, BL6 5NY",01204 690 957,info@mr-group.co.uk
Ebor Windows,"156A Haxby Road, York, North Yorkshire, YO31 8JN",01904 466550,info@eborwindows.co.uk
Ben Parker & Stuart Ambler T/A Yorvik Windscreens,"1 Garden Way, Acomb, York, North Yorkshire, YO26 5DY",07895 338 015,yorvikwindscreens@yahoo.co.uk
Coral Windows Bradford Ltd,"Coral Mill, Halifax Road, Bradford, BD6 2DN",0800 669 955,sales@coralwindows.co.uk
Jack Fielden Joiners Limited,"Clevedon Place, Friendly Fold Road, Ovendon, Halifax, West Yorkshire, HX3 5QA",01422 330 243,info@jackfieldenjoiners.co.uk
Halifax Doors & Windows,"Unit 15, Hanson Lane Enterprise Centre, Hanson Lane, Halifax, West Yorkshire, HX1 5PG",01422292500,martin@halifaxdoors.co.uk
S R Key Solutions,"80 Kestrel Park, Ashurst, Skelmersdale, Lancashire, WN8 6TB",07742 900070,sr@srkeysolutions.co.uk
F & F Motor Services Ltd,"40 Manchester Road, Rochdale, Lancashire, OL11 4HY",01706 359888,schofieldd@btconnect.com
M C R Painting & Decorating Services,"42 Shaftesbury Avenue, Brighouse, West Yorkshire, HD6 3TW",07950 533066,mcrpaint@gmail.com
C. & J. PLUMBING & HEATING LIMITED,"Showroom, 12 Marsden Street, Westhoughton, Bolton, Greater Manchester, BL5 3AQ",01942 811541,cj.plumbing@xln.co.uk
P&P Law Ltd T/A Electro Services,"Electro Services, 18-20 Market Street, Heywood, Lancashire, OL10 4LY",01706369986,sales@dysondoctor.com
bathstore Leeds Birstall (Bl),"Unit C2, Birstall Retail Park, Leeds, WF17 9AD",01924 473 601,
D S Building Services (UK) Limited,"10 Maryland Avenue, Bolton, Greater Manchester, BL2 6DL",01204652345,dsbuilding@btconnect.com
D & P Roofing & Building Ltd,"182 Park Road, West Houghton, Bolton, Lancashire, BL5 3HB",07970 483030,dandproofingandbuilding@outlook.com
J & C Barker (Builders) Limited,"8 Sunny Bower Street, Bury, Lancashire, BL8 3HL",01204 884098,barkercj@me.com
M B Electrical (Bolton) Limited,"13 Stanley Road, Bolton, Lancashire, BL1 5JZ",01204 322504,mb.electrical@hotmail.co.uk
T M West Plumbing Services Limited TA The Gasworks,"Unit 5A, New Craven Gate, Leeds, West Yorkshire, LS11 5NF",0113 2471888,service@tmwest.co.uk
E K Motors,"Unit 2, Paragon Industrial Estate, Smithy Bridge Road, Manchester, Littleborough, OL15 8QF",01706375597,e.k.motors@hotmail.com
Gary Procter t/a First Garage Doors,"6 North Lane, Oulton, Leeds, West Yorkshire, LS26 8TQ",07860 382984,gprocter61@yahoo.co.uk
Karl Pierpoint T/A Vader Electrical,"1 Clock Tower Park, Longmoor Lane, Liverpool, Merseyside, L10 1LD",07887498576,info@vaderelectrical.co.uk
Kurtis Lumb T/A KAL Electrical,"2 Moorcroft Court, Ossett, West Yorkshire, WF5 9EY",07944689978,kurtis.lumb@gmail.com
Classic Construction Limited T/A BAR Preservation,"46-48 Townley Street, Middleton, Manchester, Greater Manchester, M24 1AS",01616553480,info@bargroup.co.uk
Mark Schietaert T/A I V S Garage Services,"468B Manchester Road, Huddersfield, West Yorkshire, HD4 5BW",01484655444,mschietaert@hotmail.com
M H Electrical (Dewsbury) Ltd,"497 Huddersfield Road, Dewsbury, West Yorkshire, WF13 3JW",01924 455810,info@mhelectricalcontractors.co.uk
Coral Windows Huddersfield,"94-98 Northgate, Huddersfield, Huddersfield, HD1 6AR",0800 669 955,sales@coralwindows.co.uk
A. Hutchinson and Son Limited,"4 Hexham Close, Atherton, Manchester, Greater Manchester, M46 9QL",01942 896 381,a.hutchinsonandson@googlemail.com
Kevin Hindle T/A Maintain-Heat,"13 Siddeley Street, Leigh, Greater Manchester, WN7 5AZ",07725029186,maintainheat@gmail.com
Interdata Ltd. T/A First Contact,"141a Bury New Road, Whitefield, Manchester, Lancashire, M45 6AA",0161 740 7400,jross@fc4.co.uk
K Glazing Ltd,"Unit 1 Tanshelf Industrial Estate, Colonels Walk, Stuart Street, Pontefract, West Yorkshire, WF8 4PJ",01977700025,info@kglazingltd.com
I H Motors Ltd,"147 Leeds Road, Wakefield, West Yorkshire, WF1 2PS",01924239240,ian.hibbert3@hotmail.co.uk
Towlers Ltd t/a A Team,"55 Gilda Brook Road, Eccles, Greater Manchester, M30 0DY",07725 404244,towlersateam@gmail.com
Connect Electric (Bury) Ltd,"368 Bury New Road, Whitefield, Manchester, Lancashire, M45 7SY",0161 7666848,info@connectelectric.co.uk
D and G Installations,"Hindley Green, Wigan, Lancashire, WN2 4PJ",07921508788,danjones1966@icloud.com
William Vennard T/A WG Plastering,"7 Ormond Avenue, Salford, Manchester, M6 8LP",01612880878,wggplastering@googlemail.com
David Sutton T/A D Sutton Roofing,"48 Fairmead Road, Wirral, Merseyside, CH46 8TY",07973190336,davidwsutton@msn.com
J Maybury & Sons Ltd,"39 Cavendish Road, Eccles, Manchester, M30 9EE",0161 288 8664,info@mayburyandsonselec.co.uk
A & B Drain Services,"Seville House, Seville Street Royton, Oldham, Lancashire, OL2 6AN",0161 633 6455,derek@aandbdrainservices.co.uk
Coral Windows Wakefield,"Monckton Road, Wakefield, WF2 7AS",0800 669 955,sales@coralwindows.co.uk
RB Plastering & Damp-Proofing Ltd,"57 Mossway, Middleton, Manchester, Greater Manchester, M24 1WS",0787 2612438,info@rbdamp.com
Pratco Ltd t/a Rand Removals,"1 Gilda road, Worsley, Manchester, Lancashire, M28 1BA",07749 968521,manchester@taxitruck.com
Trust Electric Heating Ltd T/A Trust Electric Heating and The Conservatory Heating Company,"Trust House, Unit 12, Elmfield Business Park, Lotherton Way, Garforth, Leeds, LS25 2JY",0800 5999109,info@trustelectricheating.co.uk
A J Marsden Ltd,"27 Birks Avenue, Lees, Oldham, Manchester, OL43PR",07970 271 531,andy@ajmarsden.co.uk
M J Noble Plumbing Services Ltd,"43 Carbrook Crescent, Stalybridge, Cheshire, SK15 3LR",01457 513957,mj.noble@hotmail.co.uk
R Borg Decorator,"25 Vicarage Road, Ashton Under-Lyne, Lancashire, OL7 9QY",07765875951,rborg59@hotmail.com
Mick Shaw T/A R M S Garage Door Repairs,"41 Sunnymead, Scissett, Huddersfield, West Yorkshire, HD8 9JA",07774 102374,spotidog@hotmail.com
S. T. Plumbing And Heating Gas Specialists Limited,"11 Hill Top, Knottingley, West Yorkshire, WF11 8EB",01977671859,enquiry@stpgas.co.uk
A P Dwerryhouse Plumbing & Heating,"5 Kempton Close, Liverpool, Merseyside, L36 4QJ",07831 700562,tonydwerryhouseplumbing@btinternet.com
Neil Billington UPVC Ltd,"16 Marryat Close, Winwick, Cheshire, WA2 8XS",07780740706,neil@neilbillington.co.uk
Prenton Glass Limited,"Carr Hall Farm, Hoylake Rd, Wirral, Merseyside, CH46 5NA",0151 608 9980,prentonglass@yahoo.co.uk
A Taylor Roofing Ltd,"204 Shay Lane, Walton, Wakefield, West Yorkshire, WF2 6NW",01924 856677,enquiries@taylorroofing.co.uk
Phil Cotgrave t/a Advanced Roofline Systems,"14-16 Balls Road, Prenton, Wirral, CH43 5RE",01516093407,phil@advancedrooflinesystems.com
J M Pringle Limited,"Oldfield Road, Heswall, Wirral, CH60 6SG",07769538800,jeff@pringlebuilders.co.uk
M J McGinn Electrical Ltd,"Penny Lane Business Centre, 374 Smithdown Road, Liverpool, Merseyside, L15 5AN",07825879716,mjmcginnelec@gmail.com
RallyRaid UK Limited T/A 4X4 & More,"Unit 2, Near Bank Industrial Estate, Brookhouse Lane, Shelley, Huddersfield, West Yorkshire, HD8 8LS",01484 608844,info@4x4andmoregarage.co.uk
P G Taylor Electrical Contractor,"6 Lodge Avenue, Urmston, Manchester, Greater Manchester, M41 9LL",07939 661270,taylorpaul9@aol.com
S & M Plumbing & Heating,"3 Albert Street, Denton, Manchester, Lancashire, M34 6LB",0161 336 4011,mike-tanker@live.co.uk
Joe Dean t/a JD Plumbing & Heating,"17 Milwain Road, Manchester, Lancashire, M19 2PX",07401235336,jdgassafe@gmail.com
TradeFrame NW Limited,"Trade Frame NW LTD, 9-10 Sankey Bridges Industrial Estate, Liverpool Road, Warrington, Cheshire, WA5 1QQ",01925 232353,neil@tradeframenorthwest.co.uk
Bennion & Sons Limited,"The Old Chapel, Mill Lane, Ryhill, Wakefield, West Yorkshire, WF4 2AG",01977 642220,info@bennionandsons.com
L & W Heating & Plumbing Ltd,"21 Weymouth Road, Burtonwood, Warrington, Cheshire, WA5 4JX",01925 295757,chelsealee@lwheating.com
Burlington Windows Ltd,"137 Hilderthorpe Road, Bridlington, East Yorkshire, YO15 £EX",01262609730,andy@burlingtonltd.onmicrosoft.com
Advanced Gas and Heating Ltd,"7 Allgreave Close, Sale, Greater Manchester, M33 2XQ",07710290238,dave.thegasman@btinternet.com
JB Plumbing and Heating,"188 Wilbraham Road, Manchester, Lancashire, M14 7EN",07928 486113,queriesjbplumbing@gmail.com
A P H Plumbing & Heating,"73 Manchester Road, Woolston, Warrington, Cheshire, WA1 4AE",07595186129,contact@aphplumbingandheating.com
D & I Window Solutions Limited,"Unit 4, Claycliffe Business Park, Cannon Way, Barugh Green, Barnsley, S75 1JU",01226 280380,info@dandiwindows.co.uk
The Window Co,"The Window Company Ltd, 1221 Chester Road, Stretford, Manchester, M32 8NB",01619628570,wayneshaw_5@hotmail.com
David Fairham T/A D F Plumbing & Heating,"Unit 18 Step Business Centre, Wortley Road, Deepcar, Sheffield, South Yorkshire, S36 2UH",07768 404 830,df.plumbing@yahoo.co.uk
Linwood North West Ltd,"Gordale Nursery Garden Centre, Chester High Road, Burton, Neston, South Wirral, CH64 8TF",0151 336 5995,rose.power@linwoodwindows.co.uk
Marple Glass and Glazing,"2 Suttons Lane, Marple, Stockport, SK6 7BJ",0161 427 2205,richard@marpleglass.co.uk
Eco Thermal Design Ltd-Barnsley,"Unit 17 Redbrook Business Park, Wilthorpe Road, Barnsley, South Yorkshire, S75 1JN",01226 770060,info@eco-thermaldesign.co.uk
N. Smith Builders,"Brands hatch, Doncaster, South Yorkshire, DN6 0HH",07759 820 941,neal.smith502@gmail.com
Prestige Conservatories Windows and Doors,"11 Denson Road, Timperley, Altrincham, Cheshire, WA15 6EB",07970 106 462,mm.mcloughlin@ntlworld.com
Philip Hopkins T/A P H Decorating,"34 Queens Road, Hale, Altrincham, Cheshire, WA15 9HD",07738 813734,enquiriesphd@gmail.com
Damp 2 Dry Building Solutions Limited,"B B I C, Innovation Way, Barnsley, South Yorkshire, S75 1JL",07411 947324,info@damp2dry.co.uk
MetalHouse Ltd T/A RCA,"144 Stockport Road, CHEADLE, CHESHIRE, SK8 2DP",0161 428 1777,rcacheadle@btconnect.com
A&I Plumbing&Heating,"Tamele, Breeze Hill, Bangor, Gwynedd, LL57 4LT",07939594223,aiplumbing@btinternet.com
Window Repair Centre (Hazel Grove),"213-217 London Road, Hazel Grove, Stockport, Cheshire, SK7 4HS",01538 751035,info@windowrepaircentre.com
Cliff Hirst T/A Internal Affairs,"10 Seacombe Drive, Great Sutton, Ellesmere Port, Cheshire, CH66 2QW",0151 339 3726,info@internalaffairs4u.co.uk
J C Construction,"38 Frith View, Chapel-En-Le-Frith, High Peak, Derbyshire, SK23 9TT",07734 110641,jc-construction@hotmail.co.uk
M F Birchenough,"71 Fox Street, Edgeley, Stockport, Cheshire, SK3 9EL",07976 796288,markbirchenough@outlook.com
T Owen Electrical,"Maenllwyd, Rhostrehwfa, LLANGEFNI, GWYNEDD, LL77 7YR",07810 825535,tvowen@hotmail.co.uk
Sean Poulter Ltd T/A The Gas Company,"94 Sprotborough Road, Sprotborough, Doncaster, South Yorkshire, DN5 8AZ",01302 788574,fiona@thegascompany.co.uk
B Clark & Son Plumbing & Heating,"12 Lyndhurst Close, Beverley, North Humberside, HU17 0QG",01482867347,brianclark4@aol.com
Northwich Glass Ltd,"Northwich Glass Ltd, Leicester Street, Northwich, Cheshire, CW9 5HW",01606810000,kevinj@northwichglass.co.uk
Solarframe Direct Limited,"Unit 3 Davey Road, Fields End Business Park, Goldthorpe, Rotherham, South Yorkshire, S63 0JF",01709 888881,info@solarframe.co.uk
Eco Thermal Design Ltd-Sheffield,"Bridge End, Penistone, Sheffield, South Yorkshire, S36 7AH",01226 770060,info@eco-thermaldesign.co.uk
Doorstore (Wirral) Limited,"9B Chester Road, Whitby, Ellesmere Port, South Wirral, CH65 9BD",0151 357 3141,info@doorstoreupvc.com
P M Harris Roofing and Joinery Services,"8 St Bartholomews Court, Old Sealand Road, Sealand, North Chester, Flintshire, CH5 2QT",01244 880 822,patrick.harris@mail.com
J. BEE (MOTOR ENGINEERS) LIMITED,"Victoria Garage, 658 Abbeydale Road, Sheffield, south yorkshire, S7 2BB",0114 249 4883,johnbee-ltd@btconnect.com
Keith D. Merriman Plumbing & Heating,"Rookery View, Church Lane, Barnburgh, Doncaster, South Yorkshire, DN5 7EU",01709 897958,alison_merriman@yahoo.co.uk
Hizzard Windows & Conservatories Ltd,"36 Bishops Gardens, Sheffield, South Yorkshire, S13 7EX",01142880919,info@hizzardwindows.co.uk
Global Windows,"Global House, 12 Orgreave Drive, Handsworth, Sheffield, South Yorkshire, S13 9NR",0114 288 95 95 ,liam@global-windows.co.uk
M.B. Heating Solutions Ltd,"371 Herringthorpe Valley Road, Rotherham, South Yorkshire, S65 3AX",07850231436,contactus@mbheatingservices.co.uk
Sheffield Window Centre Ltd,"60-70 Broad Lane, Sheffield, South Yorkshire, S1 4BT",0114 281 3333,ianhunter@sheffieldwindowcentre.co.uk
Oil Gas Safe UK Limited,"Oakfields, Woodbank Lane, Woodbank, Chester, Cheshire, CH1 6JD",0151 355 9507,admin@ogs.co
Ventana Direct Limited,"8 Spitfire Way, Auckley, Doncaster, South Yorkshire, DN9 3PL",01302 772797,martyn@ventanadirect.co.uk
S. T. Hughes  Plumbing & Heating,"35 Holmes Carr Road, Bessacarr, Doncaster, South Yorkshire, DN4 7HJ",07988148514,gshughes@hotmail.co.uk
R Drew Decorators Limited,"14 Scammadine Close, Brinsworth, Rotherham, South Yorkshire, S60 5JL",07825767514,rdrewdecor@gmail.com
S & R Jeffery Plumbing,"Beverley Road , Hull, North Humberside, East Yorkshire, HU6 7JG",,
AB Aerials,"152 Loxley Road, Sheffield, South Yorkshire, S6 4TE",0114 2341189,steven@ab-aerials.co.uk
Home Heat Chester LTD T/A Home Heat Solutions,"48 Boughton Hall Drive, Boughton, Chester, Cheshire, CH3 5QQ",01244 349044,carl.thurston@sky.com
AJP Home Improvements Ltd,"Fairview Cottage Belton Road Epworth, Doncaster, South Yorkshire, DN9 1JL",01427 875401,ajphomeimprovement@googlemail.com
N C Alarms & Electrical,"52 Sycamore Avenue, Chesterfield, Derbyshire, S40 2PZ",07867 628729,neil@ncalarms-electrical.co.uk
Polar Windows (Chesterfield) Ltd,"Calow Lane Industrial Estate, Hasland, Chesterfield, Derbyshire, S41 0DR",01246277242,rachel.pickup@polarwindows.co.uk
R S Heating & Building Co,"88 Sunnyvale Road, Sheffield, South Yorkshire, S17 4FB",0114 236 4421,enquiries@rshb.co.uk
M B Electrical Services,"59 Askew Way, Chesterfield, Derbyshire, S40 2FG",07855 271436,mbelectricalchesterfield@gmail.com
Charles Ellis T/A Enhance and Develop,"95 Stubley Lane, Dronfeild Wood, Dronfeild House, Derbyshire, S18 8YL",07720916720,sheffieldbuilder1@gmail.com
AB Castle Ltd,"Unit 7 Longacre Way, Holbrook Industrial Estate, Sheffield, South Yorkshire, S20 3FS",0800 9 755 755,info@abcastle.co.uk
Parkwood Joinery Limited,"Newdown Road, Scunthorpe, South Humberside, DN17 2TX",01724847181,theoffice@parkwoodjoineryltd.co.uk
Pryor Plumbing & Heating Ltd,"Manvers Road, Swallownest, Sheffield, S26 4UD",07814193439,info@pryorplumbing.co.uk
Cheshire Conservatories & Window Limited,"Unit 4  The Old Cattle Market, Gresty Road, Crewe, Cheshire, CW2 6EQ",07950006889,info@cheshire-conservatories.co.uk
Window Repair Centre (Alsager),"65 Crewe Road, Alsager, Stoke On Trent, Staffordshire, ST7 2EZ",01538 751035,info@windowrepaircentre.com
A & D Roofing & Building,"12 Sherwood Rd, Harworth, Doncaster, South Yorkshire, DN11 8HX",07793 127543,sammeh100@yahoo.co.uk
M Spencer Plumbing & Heating  Ltd,"122 Spital Lane, CHESTERFIELD, DERBYSHIRE, S41 0HN",07891817026,renio@hotmail.co.uk
Richard Kyme T/A Ampguard Electrical Contractors,"43 Poplar Road, Cleethorpes, South Humberside, DN35 8BH",07885 733573,ampguard@hotmail.co.uk
Glenn Betts T/A Betts Plumbing Solutions,"137A High Street, Tibshelf, Alfreton, Derbyshire, DE55 5PP",07414903190,bettsglenn@outlook.com
Euroseal Windows Ltd,"Trinity Buildings, Trinity Street, Stoke-on-Trent, Staffordshire, ST1 5LQ",01782 211100,allenbrookes@eurosealwindows.co.uk
Style Ceiling & Wall Systems Limited T/A Style Bathrooms,"23-31 Church Street, Grimsby, South Humberside, DN32 7DD",01472 362229,style.bathrooms@btconnect.com
Window Repair Centre (Fenton),"7C Victoria Place, Stoke On Trent, Staffordshire, ST4 2LX",01538 751035,info@windowrepaircentre.com
A W Renewables Ltd,"42 Market Street, Llangollen, Denbighshire, LL20 8PT",07860 563827,info@awrenewables.co.uk
Supercraft Windows,"1 Lanehead Road, Stoke-On-Trent, Staffordshire, ST1 5PT",01782 266 488,info@supercraftwindows.co.uk
Strata Windows,"Forge Lane, Festival Park, Stoke-On-Trent, Staffordshire, ST1 5NP",01782 279081,rob.dale@stratawindows.co.uk
Mark Bletcher T/A CoolGlass Glazing Enhancements,"11 Millstone Way, Waddingham, Gainsborough, Lincolnshire, DN21 4SQ",01673 818157,mark@coolglass.co.uk
T. Nutt & Sons Ltd,"43-45 High Street, Clay Cross, Chesterfield, Derbyshire, S45 9DX",01246863148,dnutt70881@aol.com
Liam Anderson t/a Lords Roofing,"3 Bridge Street, Clay Cross, Chesterfield, Derbyshire, S45 9TT",07731802064,liamanderson@live.com
A Booth Plumbing Ltd,"34 Grove Street, Retford, Nottinghamshire, DN22 6JR",07977097735,aboothplumbing@gmail.com
Mark Baxter T/A M D B Home Services,"9 Brian Avenue, Grimsby, Lincolnshire,, DN37 0JS",01472 314 367,info@mdbhomeservices.co.uk
Minster Conservatories Doors & Windows Ltd,"59 Newark Road, SOUTHWELL, NOTTINGHAMSHIRE, NG25 0ES",07977110165,calljon@aol.com
Class A Alarms Limited,"143 Derby Road, Denby, Derbyshire, DE5 8RA",01773 828202,brian@classaalarms.co.uk
2 RED Ltd (Lincolnshire Office),"Unit 14 Stirlin Point, Sadler Court, Sadler Road, LINCOLN, LINCOLNSHIRE, LN6 3RG",0303 031 0001,gurdeep.lall@2red.co.uk
T And S Heating Limited,"Byidon House, 92 Rolleston Drive Arnold, Nottingham, Nottinghamshire, NG5 7JP",01159202115,sales@tsheating.co.uk
A Chimney Sweep Ltd,"14 Sycamore Road, Stone, Staffordshire, ST15 8NJ",01785 609454,info@achimneysweep.co.uk
Warmahome,"Unit 3 Roman Way, South Hykeham, Lincoln, Lincolnshire, LN6 9UH",01522684133,warmahome@live.co.uk
Derwent Sash Windows Ltd,"The Old Church, 31 Nottingham Road, Ripley, Derbyshire, DE5 3AS",01773747456,info@derwentsashwindows.co.uk
Lifestyle Windows and Conservatories,"Lifestyle Showroom, The Old Forge, West Street, Ilkeston, Derbyshire, DE7 5JW",0115 932 4443,contact@lifestylewindows.co.uk
A A Silencers Limited,"Grosvenor Garage, Tean Road, Cheadle, Stoke-On-Trent, Staffordshire, ST10 1LQ",01538 753252,info@aasilencers.com
Oakwood Design & Developments Limited,"2 Brailsford Road, Chaddesden, Derby, Derbyshire, DE21 4JB",07962 535990,info@oakwooddesignanddevelopments.co.uk
Starglaze Home Improvements LLP,"5, The Works, Waterside South, Lincoln, Lincolnshire, LN5 7JD",01522 512525,admin@starglaze-windows.com
T & D Decorators Limited,"6-7 Forest Court, Nottingham, Nottinghamshire, NG7 4EX",07713416586,tandddecorators@gmail.com
Stormclad Ltd - Mapperley,"Brookfields Garden Centre, 431 Mapperley Plains, Mapperley, Nottingham, NG3 5RW",01159248604,mail@stormclad.co.uk
N B Roofing and Windows,"11 Revill Crescent, Nottingham, Nottinghamshire, NG9 8EH",07970739671,nbroofingandwindows@gmail.com
M Broer Heating Ltd,"1106A London Road, Alvaston, Derby, Derbyshire, DE24 8QE",01332 755110,martin@mbroerheating.co.uk
Paul Evans T/A Protex,"10 Goldstone Court Spondon, Derby, Derbyshire, DE21 7RS",01332 820474,protexservices@icloud.com
Acorn Windows (Nottingham) Limited,"243 Trowell Road, Nottingham, Nottinghamshire, NG8 2EP",0115 928 7984,james@acornwindows.co.uk
Stormclad Ltd (Head Office),"60 Basford Road, Nottingham, Nottinghamshire, NG6 0JL",0115 8715208,clyde.j.scothern@stormclad.co.uk
D G Heating Ltd,"62 Cole Lane, Ockbrook, Derby, Derbyshire, DE72 3RD",07971688084,gedwills@gmail.com
Hire A Bloke Ltd,"15 Eton Grove, Nottingham, Nottinghamshire, NG8 1FT",07796 766656,colin@hireabloke.com
A & B Plumbing & Heating,"Willow Lodge, Rushy Lane, RIsley, Derby, Derbyshire, DE72 3SW",01159177423,abplumbingheating@hotmail.co.uk
H F Hartley Electrical Contractors Limited,"200 Tollerton Lane, Tollerton, Nottingham, Nottinghamshire, NG12 4FW",01159376648,sebarmstrong@hartleyelectrical.co.uk
2 RED Ltd,"Head Office, 6th Floor City Gate East, Toll House Hill, Nottingham, Nottinghamshire, NG1 5FS",0303 031 0001,info@2red.co.uk
Stormclad Ltd - Nottingham,"Wheatcroft Notcutts Garden Centre, Landmere Lane, Nottingham, Nottinghamshire, NG12 4DE",01159248604,dean.goodwin@stormclad.co.uk
Dave Hewitt T/A Alpha Interior Designs,"Unit 2 Redhill Marina, Ratcliffe-On-Soar, Nottingham, Nottinghamshire, NG11 0EB",01159 131313,dave@alphainteriordesigns.co.uk
Long Eaton Appliance Company Ltd T/A Design Works Kitchen Studio,"Unit 1 Acton Avenue, Long Eaton, Nottingham, Nottinghamshire, NG10 1GA",01159462555,dave@leaco.co.uk
BG Removals,"BG Removals & Storage, 252 Alfreton Road, Nottingham, Nottinghamshire, NG7 5LS",07850 157618,enquiry@bg-removals.co.uk
M V S Auto Service & Repair Limited,"Unit 15b Quarry Hill Industrial Estate, Eagle Road, Ilkeston, Derbyshire, DE7 4RB",01159308551,mvsauto@btconnect.com
Brian Stokle T/A BLS Roofing Specialist,"14 Langton Hill, Horncastle, Lincolnshire, LN9 5AH",07555624377,advancedroofers@yahoo.com
Meadow View Windows and Conservatories,"Bronhaul Yard, Brook Street, Welshpool, Powys, SY21 7PH",01938 556555,phildavies-mvwindows@btconnect.com
C-Thru (Shropshire) Limited,"Unit 4c, Gower Street, St. Georges, Telford, TF2 9HW",01952 616709,cthrusales@gmail.com
Conservatory Blinds 4 Less Limited,"Unit 9 Derwent Business Park, Hawkins Lane, Burton On Trent, Derbyshire, DE14 1QA",0800 587 9906,sales@conservatoryblinds4less.co.uk
Tony Hollins T/A Arcadia Auto Centre,"Unit 1 Arcadia Park, Wheelhouse Road, Rugeley, Staffordshire, WS15 1UZ",01889 575699,arcadia.autocentre@btconnect.com
D J Jones Plumbing And Heating Limited,"1 Jones Close, Fradley, Lichfield, Staffordshire, WS13 8UD",07790022113,dave@djjonesplumbingandheating.co.uk
D. W. Windows Limited,"8 Meadow Lane, Coseley, Wolverhampton, West Midlands, WV14 9NQ",01902 661 779,tracy.beddow@dwwindows.co.uk
All Floors 4 Ltd,"249 Birmingham Road, Shenstone Wood End, LICHFIELD, STAFFORDSHIRE, WS14 0PD",07703292084,scott@floors4.co.uk
Garage Door Restore West Midlands Limited,"90 Dunval Road, Bridgnorth, Shropshire, WV16 4LZ",07772598582,info@gdrwestmidlands.co.uk
Graham Carpets Midlands Ltd t/a Derbygrass.co.uk,"137 Weston Park Avenue, Shelton Lock, Derby, Derbyshire, DE24 9ES",07984769476,gcmidlandsltd@gmail.com
The Real Bridgnorth Windows UK Ltd,"Unit 10, The Livestock and Auction Centre, Wenlock Road, Bridgnorth, Shropshire, WV16 4QR",01746 762 855,martyn@bridgnorthwindows.co.uk
T S Gas & Electric Ltd,"The Pressworks, 36-38 Berry Street, Wolverhampton, West Midlands, WV1 1HA",01902 500275,sales@tsgasandelectric.co.uk
Daryl Evans T/A Evans Energy,"122 Dunval Road, Bridgnorth, Shropshire, WV16 4LZ",07858918179,evansenergy2015@gmail.com
Ace Electrical (Wolverhampton) Ltd T/A Ace Solar Energy,"53 Richmond Road, Wolverhampton, West Midlands, WV3 9JH",01902 562440,martin@aceelec.co.uk
M J Wallace Limited,"6 Woodland Close, Albrighton, Wolverhampton, West Midland, WV7 3PR",07595302917,mike@mjwallace.onmicrosoft.com
Andrew Clarke T/A Sutton Carpet Cleaning,"14 Swallow Croft, Lichfield, Staffordshire, WS13 7HE",07581132594,andyczxr@gmail.com
John Lane T/A C V Lane & Son Plumbing & Heating Contractors,"39a Owen Street, Leicestershire, Coalville, LE67 3DA",01530832700,john-lane@btconnect.com
Castle Windows (Midlands) Ltd,"Unit I, Fryers Close, Bloxwich, Walsall, West-Midlands, WS3 2XQ",0800 0355581,info@castlewindowswalsall.co.uk
